{
  "model_alone": {
    "accuracy": 0.8236363636363636,
    "precision": 0.7713414634146342,
    "recall": 0.92,
    "specificity": 0.7272727272727273,
    "f1": 0.8391376451077943,
    "tp": 506,
    "fp": 150,
    "tn": 400,
    "fn": 44,
    "n_pairs": 1100,
    "auroc": 0.9095322314049588,
    "auprc": 0.8827689521621741
  },
  "model_with_human": {
    "accuracy": 0.8418181818181818,
    "precision": 0.7984126984126985,
    "recall": 0.9145454545454546,
    "specificity": 0.769090909090909,
    "f1": 0.8525423728813559,
    "tp": 503,
    "fp": 127,
    "tn": 423,
    "fn": 47,
    "n_pairs": 1100,
    "auroc": 0.9062826446280993,
    "auprc": 0.9078412358049893
  }
}